Alvin Tan,Joseph Lo,Woody Allen,Daniel Boey,Michael D'Cruz,Jumari Naiyan,Rani Kaur,Andrew Koh,Leong Wei Jen,Valerie Lim,Michelle,Edward Nathan,Twinkle R,Rose Sivam,Judith Tan,Sarah Yahya,George Yeo
Josephine Peter,Alvin Tan,Steven Ang,Daniel Boey,Edward Nathan,Tan Kheng Hua,Mr X,Michelle Teo,Andrew Koh,Valerie Lim
Elvira Holmberg,Ovidia Yu,Fong Choon Sam,Miranda Lee,Leong Hein Wai,Jeremiah Lim,Lim Mei Yin,Colin Rozario,Valencia Teo,Alec Tok,Alvin Tan,Nooraishah Bte. Abdul Hamid,Clarisse Ng,Low Kah Wei,Ivan Heng,Danny Toh,Ambrose Poh,Michelle Teo,Bernice Wilson,Leo Siew Ere,Low Kah Wei,Hope Wee,Lena Quek,Linna Chua,Celine Chow,Andrew Koh,Jeffrey Chew,Grace Teo,Tuck Weng
Lau Siew Mei,Neil Simon,Jumari Naiyan,Lau Siew Mei,Ng Eng Leng,Aloysius Ong,Cheryl Tang,Rani Suppiah
Ivan Heng,John Bowen,Michael D'Cruz,Shirley Joseph,Leow Wei Jen,Loong Seng Onn,Pearl Samuel,Tan Kheng Hua,Alec Tok,Alvin Tan,Wong Chew Chin,Chui Yuen Phun,Yee Mei Pao,Ivan Heng,Danny Toh,Ambrose Poh,Michelle Teo,Bernice Wilson,Leo Siew Ere,Low Kah Wei,Hope Wee,Lena Quek,Linna Chua,Celine Chow,Andrew Koh,Jeffrey Chew,Grace Teo,Tuck Weng,Nooraishah Bte. Abdul Hamid,Clarisse Ng
Elvira Holmberg,Ovidia Yu,Fong Choon Sam,Miranda Lee,Leong Hein Wai,Jeremiah Lim,Lim Mei Yin,Colin Rozario,Valencia Teo,Alec Tok,Alvin Tan,Ivan Heng,Danny Toh,Ambrose Poh,Michelle Teo,Bernice Wilson,Leo Siew Ere,Low Kah Wei,Hope Wee,Lena Quek,Linna Chua,Celine Chow,Andrew Koh,Jeffrey Chew,Grace Teo,Tuck Weng,Nooraishah Bte. Abdul Hamid,Clarisse Ng
Alvin Tan,Ovidia Yu,Elvira Holmberg,Neo Swee Lin,Josephine Peter
Joseph Lo,Peter Barnes,Rani Kaur,Rose Sivam
Josephine Peter,Olwen Wymark,Abbas Ali,Anita Dorett,Richard Tan
Elvira Holmberg,Ovidia Yu,Chan Shih Wen,Chong Tze Chien,Kuang Farong,Neo Swee Lin,Michael,O'Cruz,Benjamin,Annie Tan,Clarisse Ng,Rohan,Marjorie,Hai-yen,Elaine,Julie
Ovidia Yu,Steven Lim,Ranchana Moorthy,Melina Nathan,Kesavadas s/o Rajagopal,Jothi Saunthararajah,Elvira Holmberg,Annie Tan,Alvin Tan,Low Kah Wei
Ivan Heng,James Saunders,Jumari Naiyan,Steven Lim,Low Kah Wei,Rani Moorthy,Haresh Sharma,Rose Sivam,Alvin Tan,Harold Tan,Teresa Teo,Valencia Teo
Lau Siew Mei,Dorothy Jones,Eileen Chua,Marjorie Hanam,Leong Hein Wai,Lydia Look,Aloysius Ong,Maurice Oon,Colin Rozario,Suja Susan Thomas,Zaheera Hahim,Elaine Jek,Wong Kim Feng,Clarisse Ng,Sylvester Lam,Annie Tan,Haresh Sharma
Ovidia Yu,Ovidia Yu,K. Rajagopal,Ranchana Moorthy,Jothie Rajah,Melina Nathan,Steven Lim,Elvira Holmberg,Low Kah Wei,Koh Joo Kim,Celine Chow,Annie Tan,Clarisse Ng,Neena Goha,Colin Rozario,Jumari Naiyan,Aloysius Ong,Vicki Low,Dee Yeo,George Yeo,Ivan Heng,Danny Toh,Danny Toh,Gerard Lee,Charlie Chayavirabood,Alvin Tan,Neo Swee Lin,Kuang Farong,Hope Wee,Haresh Sharma,Ivan Heng,Neo Swee Lin,Andrew Koh
Josephine Peters,Steven Ang,Michael D'Cruz,Valerie Lim,Andrew Koh,Leow Wei Jen,Elvira Holmberg,Low Kah Wei,Koh Joo Kim,Celine Chow,Annie Tan,Clarisse Ng,Neena Goha,Colin Rozario,Jumari Naiyan,Aloysius Ong,Vicki Low,Dee Yeo,George Yeo,Ivan Heng,Danny Toh,Danny Toh,Gerard Lee,Charlie Chayavirabood,Alvin Tan,Neo Swee Lin,Kuang Farong,Hope Wee,Haresh Sharma,Ivan Heng,Neo Swee Lin,Andrew Koh
Ivan Heng,Kok Joo Kim,K Rajagopal,Steven Lim,Neo Swee Lin,Josephine Peter,Alvin Tan,Ovidia Yu
Ovidia Yu,Haresh Sharma,Ovidia Yu,K. Rajagopal,Ranchana Moorthy,Jothie Rajah,Melina Nathan,Harold Tan,Alvin Tan,Anita Dorrett,Clarisse Ng,David Tan,Jumali Bin Kassmadi,Yew Thian Hock,Chew Seck Lim,Ng Kok Beng,Raymond Thoe,Rahmat Rawi,Steven Chen,Tan Weng Cheong,Zaini,Wong Mei Leng,Mayadi Mohd,Low Thian Ling,Yong Ngit Chong,Richard Keok,Omar Lebby,Stanley Soo,Sarah Tay,Lim Siauw Chong
Alvin Tan,Haresh Sharma,Low Kah Wei,Kuang Farong,Anita Dorett,Mabel Lee,Colin Rozario,Valencia Teo
Elvira Holmberg,Haresh Sharma,Andrew Koh,Susan Yeo,Clarisse Ng,Cheryl Tang,Claire Leow, Sok Choo,Chui Yuen Phun,Thio Lay Hoon,Kuang Farong,Celine Chow,Valencia Teo,Wong Chew Chin,Noorita,Asha,Mira,Soo Kheng,Jean,Kum Yoke,Wendy,Lisa Marie,Neena,Yong Sing,Leow Wei Jen,Lawrence Tan
Alvin Tan,Haresh Sharma,Loh Kah Wei,Mabel Lee,Henry Lim,Geraldine Yeo,Kuang Ferong,Anita Dorett,Clarisse Ng,Cassandra Lim,Claire Leow,Sok Choo,Chui Yuen Phun,Thio Lay Hoon,Kuang Farong,Celine Chow,Valencia Teo,Wong Chew Chin,Noorita,Asha,Mira,Soo Kheng,Jean,Kum Yoke,Wendy,Lisa Marie,Neena,Yong Sing,Leow Wei Jen,Lawrence Tan
Alvin Tan,Haresh Sharma,Leow Wei Jen,Rani Moorthy,Roger Winder,Quah Seok Whee,Patricia Schirmer,Brad Bowyer,Gerard Lee,Thomas Thien,Mabel Lee,Geraldine Yeo,Brad Bowyer,Clarisse Ng,Kuang Farong,Loh Kah Wei,Andrew Koh,Valencia Teo,Roshni Abay,Thio Lay Hoon,Lawrence Tan,Dee Yeo,Celine Chow,Loh Kah Wei,Trina Savage,Pearl Samuel,Sarah Syed Yahya,Mark Naidu,Angela Ong 
Alvin Tan,Clarisse Ng,Anita,Dee,Cassandra,Wan Hui,Kuang Farong,Anand,Joshua Song,Lisa Tan,Wendy Tan,Gail Tan,Clarisse Ng,Steven Yeong,Haresh Sharma
Alvin Tan,Haresh Sharma,Anita Dorett,Kuang Farong,Mabel Lee,Henry Lim,Low Kah Wei,Geraldine Yeo,Anita Dorett,Kuang Farong,Mabel Lee,Henry Lim,Low Kah Wei,Geraldine Yeo
Alvin Tan,Haresh Sharma,Susan Yeo,Josephine Peter,Mabel Lee,Fong Choon Sam,Samuel Wong,Cheryl Tang,Anita Dorett,Low Kah Wei,Genevieve Tham,Gael Lee,Kelvin Seah,Ho Kah Wai,Tan Beng Kiang,Huan Nam Chong,Low Meng Wai,Lee Yong Wen,Tan Beng Tian,Jeff Chen,Isis Koh,Lennie Lee,Devina Tan,Roslan Bin Ahmad,Gracia Yap,Chrys Tan,Shalini Nair,Elaine Chow,Adam Vasyl
Elvira Holmberg,A. Argie,Christina Dorett,Pearl Samuel,Haresh Sharma,Valencia Teo,Thio Lay Hoon,Verena Tay,Thio Lay Hoon,Claire Leow,Sol Foo,Mabel Lee,Dee Yeo,Cassandra Lim
Alvin Tan,S.C. Leow,Christina Dorett,Elvira Holmberg,Low Kah Wei,Paul Rodrigues,Sol Foo,Asha Popatlal,Michelle Chia,Joanne Henson,Chiang Kai Ting,Clarisse Ng,Rosnye Samat,Thio Lay Hoon,Richard Tan,Gerard Lee,Valerie Lim,Thomas Thian,Kuang Farong,Kenneth Wong,Kuang Farong,Goh Su Lin,Kenneth Wong,Thio Lay Hoon,Haresh Sharma
Tan Beng Kiang
Samantha Yeo,Malti Lalwani,Andrew Koh,Julius Foo,Christopher Townsend,Cheryl Tang,Michelle Teo,Andrew Koh,Valerie Lim
Andrew Koh,Samantha Yeo,Malti Lalwani,Andrew Koh,Julius Foo,Christopher Townsend,Cheryl Tang
Alvin Tan,Haresh Sharma,Jeff Chen,David Eliathamby,Koh Yang Huang,Sharaad Kuttan,Lim Siew Hua,Rose Ng,Richard Tan,Boon Teo,Azman,Celine Chow,Loh Kah Wei,Goh Lay Kuan,Clarisse Ng,Thio Lay Hoon,Low Meng Wai,Kuang Farong,Christopher Townsend,Geraldine Yeo,Benjamin Ho,Geraldine Yeo,Anita Dorett,Tan Beng Kiang,Cassendra Lim,Ee Kok Beng,Wan Hui,Maryann,Kok Beng,Mira,Derick,Megan,Mei Peng
Andrew Koh,Andrew Koh,Samantha Yeo,Malti Lalwani,Andrew Koh,Julius Foo,Christopher Townsend,Cheryl Tang,Loh Kah Wei,Goh Lay Kuan,Clarisse Ng,Thio Lay Hoon,Low Meng Wai,Kuang Farong,Christopher Townsend,Geraldine Yeo,Benjamin Ho,Geraldine Yeo,Anita Dorett,Tan Beng Kiang,Cassendra Lim,Ee Kok Beng,Wan Hui,Maryann,Kok Beng,Mira,Derick,Megan,Mei Peng
Josephine Peter,Haresh Sharma,Thomas Chow,Haresh Sharma,Roger Winder
Alvin Tan,Haresh Sharma,Cheah Wuang Ee,Gerard Danker,Rose Eng,Fong Choon Sam,Peggy Gan,Ismail Ishak,Andrew Koh,Low Kah Wei,Imogen Smith,Karen Tan,Tan Siew Hoon,Tang Fu Kuan,Yang Joe-Hynn,Samantha Yeo,Clarisse Ng,Wendy Ng,Joseph Ng,Regina Chan,Lisa Tan,Loh Lik Lin,Tan Beng Kiang,Fong Fatt Weng,Colin Seah,Thio Lay Hoon,Richard Tan,Vincent Lim,Fong Fatt Weng,Ganesh Kalyanam,Sim Wan Hui,Ken Low,Mark Chong,Fong Fatt Weng,Colin Seah,Sharaad Kuttan,Fong Fatt Weng,Cecilia Ow Yong,Audrey Wong,Linda Tan,Colin Seah,Low Kok Wai,Andrew Koh,Elvira Holmberg,Josephine Peter,Anita Dorett,Geraldine Yeo,Satesh Kumar,Alfian Sa'at,Eugene Goh,Haresh Sharma,Jeffery Tan
Josephine Peter,Alvin Tan,Haresh Sharma,Jean Ng,Haresh Sharma,Karen Tan,Sim Wan Hui,Fatimah Ally,Leong Mun Hoi,Quek Swee Chong,Tracie Howitt,Thio Lay Hoon,Fong Fatt Weng
Alvin Tan,Chng Suan Tze,Jeff Chen
Alvin Tan,Haresh Sharma,Kit Chan,Jo Chan
Alvin Tan,Haresh Sharma,Abdul Latiff Abdullah,Jeff Chan,Chong Tze Chien,Caroline Fernandez,Julius Foo,Andrew Koh,Mabel Lee,Jean Ng,Haresh Sharma,Tang Fu Kuen,Gillian Woon,Peter Zewert
Alvin Tan,Josephine Peter,Haresh Sharma,Jean Ng,Haresh Sharma,Karen Tan,Josephine Peter,Alvin Tan,Thio Lay Hoon,Quek Swee Chong,Leong Mun Hoi,Sim Wan Hui,Fatimah Ally,Clarisse Ng,Ng Tuck Wah,Alvin Tan,Sim Wan Hui,Haresh Sharma,Peter Zewet,S.H. Loy
Chris Harris,Dennis Potter,Gene Sharydyn,Loong Seng Onn,Benjamin Ng,Diane Ong,V. Ravindran,Tang Fu Kuen,Gillian Woon,Chris Harris,Verena Tay,Clarisse Ng,Haresh Sharma,Audrey Wong,Sharon Tong,Edmund Teo,Sebastian Zeng,Lee Teck Khoon,Liew Chen Ren,Chan Man Loon,Colin Seah,Verena Tay,Gene Lim,Peter Zewet,Haresh Sharma,Verena Tay,Mr Foo,Mr Loy,Haresh Sharma,Audrey Wong,Yeo Ting Keat,Sharon Woo,Francine Poh,Magdalene Shew,Jazz Sia,Cindy Chan,Andrea Yeo,Carol Teo,Genevieve Tham,Malti Lalwani,Josef Ng,Loo Wee Ling,Fiona Lau,Catherine Quek,Peter Zewet,Chiong Woon Shin,Ruth Tan,Augustine Wong,Joanne Balaraj,Augustine Wong,Ruth Tan,Cheong Hai Yen,Paul Sim,Ng Tuch Wah,Vincent Lim,Lee Weng Choy,Kelvin Ang,Lim How Ngean,Abdul Latiff,Anderson Cheong
Lim Jen Erh,Zhu Chai Zhen,Rose Eng,Lim Jen Erh,Clarisse Ng,Haresh Sharma,Doreen Tan,Gene Lim,Andrew Lim,Clarisse Ng,Kok Heng Leun,Lim Jen Erh,Linda Lee,Edmund Teo,WIllima Teo,Sebastian Zeng,Sze Ban Wah,Huang Yalei,Ruth Tan,Julius Foo,Thio Lay Hoon,Sebastian Zeng,Yeo Ting Keat,Priscilla Huang,Mark Chong,Jaime Lim,Peter Zewet,Low Kah Wei,Michelle Choy,Monggur Tumbuck,Soh Lai Yin
Dawn Westerhout,Tan Beng Kiang,Norenshah Sahari,Cordelia Fernandez,Patrina Lim,Amy Tan,Valerie,Lena,Fattimah,Nallini,Clarisse Ng,Lisa Marie Tan,Haresh Sharma,Thio Lay Hoon,Anthea Lim,Gary Goh,Audrey Wong,Yeo Ting Keat,Anderson Cheong,Vincent Lim,Kelvin Ang,Ruth Tan,Eugene Goh,Sumitha Suderjanan,Alfian Sa'at,Valerie,Lena,Fattimah,Nallini
Tan Beng Kiang,Geraldine Yeo,Samantha Yeo,Josephine Yeo,Selena Tan,Maria Gotoking,Genevive Tham,Chew Pit Lee,Audrey Sim,Clarisse Ng,Lisa Marie Tan,Haresh Sharma,Thio Lay Hoon,Anthea Lim,Gary Goh,Audrey Wong,Yeo Ting Keat,Anderson Cheong,Vincent Lim,Kelvin Ang,Ruth Tan,Eugene Goh,Sumitha Suderjanan,Alfian Sa'at,Valerie,Lena,Fattimah,Nallini
Elvira Holmberg,Noorlina Mohd,Richard Tan,Gillian Woon,Tang Fu Kuen,Julian Lim,Thio Lay Hoon,Rosita Ng,Danny Toh,Clarisse Ng,Lisa Marie Tan,Haresh Sharma,Thio Lay Hoon,Anthea Lim,Gary Goh,Audrey Wong,Yeo Ting Keat,Anderson Cheong,Vincent Lim,Kelvin Ang,Ruth Tan,Eugene Goh,Sumitha Suderjanan,Alfian Sa'at,Valerie,Lena,Fattimah,Nallini
Alvin Tan,Julius Foo,Chng Suan Tze,Elvira Holmberg,Verena Tay
Elvira Holmberg,James Saunders,Julius Foo,Shannan R.G.,Peggy Gan,Priscilla Hon,Liow Lee Hsiang,Ivan Oh,Tan Kuan Ho,Robin Tan,Roger Winder,Gene Lim,Juliet Chia,Clarisse Ng,Haresh Sharma,Julius Foo
Alvin Tan,Haresh Sharma,Jean Ng,Haresh Sharma,Karen Tan,Clarisse Ng,Haresh Sharma,Julius Foo,Francis Tay,Delia Kang,Juliet Chia,Thio Lay Hoon,Juliet Chia,Quek Swee Chong,Edmund Teo,Leong Mun Hoi,Ruth Pereira,Cecilia Owyong,Andrienne Tho,Julius Foo,Genevieve Tham,Peggy Gan,Mr Foo,Thio Lay Hoon
Alvin Tan,Haresh Sharma,Abdul Latiff Abdullah,Wendy Ng,Sakinah Dollah
Alvin Tan,Haresh Sharma,Andrew Koh,Lee Weng Choy,Low Kah Wei,Roger Winder,Yeo Ting Keat,Clarisse Ng,Haresh Sharma,Kok Heng Leun,Freddie Low,Juliet Chia,Benjamin Ng,Goi Choon Kiat,Mr Foo,Anita Ang,Tan Su-Ming,Soh Lai Yin,Maria Ooi,Ruth Tan,Michelle Lim,Charmaine Tan,Adrian Wong,Juliet Lee,Jasmine Goh,Melissa Lim,Ramona Sidek,Eunice Chan,Satesh Kumar,Brenda Pek,Jennifer Lim,Tina D’Costa,Joan Choo,Jean Chay,Amy Tang,Sarah Tng
Alvin Tan,Haresh Sharma,Abdul Latiff Abdullah,Kristen Chan,Julius Foo,Delia Kang,Sharaad Kuttan,Sakinah Dollah
Alvin Tan,Haresh Sharma,Abdul Latiff Abdullah,Aidli 'Alin' Mosbit,Djoe Madi,Anita Dorett,Rajesh Krishnamuti,Hossan Leong,Freddie Low,Low Kee Hong,Renee G. Nathan,Vivien Peter,Sakinah Dollah,Haresh Sharma,Kok Heng Leun,Freddie Low,Clarisse Ng,Edmund Teo,Josef Ng,Thio Lay Hoon,Liew Chen Ren,Haresh Sharma,Kok Heng Leun,Chan Man Loon,Josephine Peter,Kok Heng Leun,Foo Yong Koon,Thio Lay Hoon,Clarisse Ng,Josephine Peter,Lily Mok,Yeo Ting Keat,Lee Weng Choy,William Tan,Delia Kang,Anna Goh,Melissa Lim,Benjamin Ng,Jean Ng,Audrey Phung,Pearl Samuel,Charmaine Tan,Danielle Tham,Sarah Tng,Anderson Cheong,Edlyn Yap
Alvin Tan,Haresh Sharma
Aarne Neeme,Hanif Kureishi,Ahamed Ali Khan,Rebecca Dickinson,Diasy Irani,Philip Jones,Ravina Kohli,Sheela Narayanan,V. Natarajan,V. Ravindran,Melvinder Singh,Subin Subaiah,Aarne Neeme,Clarisse Ng,Haresh Sharma,Kok Heng Leun,Freddie Low,Karen Loh,Siti Zarina,Leong Mun Hoi,Aarne Neeme,Liew Chen Rin,Linda Lee,Yeo Ting Keat,Elaine Cheah,Danielle Tham,Alex Volckhausen,Shalini Asnani,Kathy Tan,William Tan,Clarisse Ng,Melissa Lim,Hossan Leong,Delia Kang,Kee Hong,Chris Lim,Catherine,Remi,Anita Ang,Vicky Sng,Peter Chua,Augustine Wong,Siew Fong
Kok Heng Leun,Haresh Sharma
Melissa Lim Mei Lin,Melissa Lim Mei Lin,Anna Goh Bee Ling,Edwin Ng Wei Gee,Maria Bte Juahir,Zareena Begum,Michelle Lim,Clarisse Ng,Charmaine Tan
Meerasha Bin Abdul Kadir,Nisha Ariyaratne,Ang Lai Lee,Lester Tan Wei Song,Caesar Tham Tuck Choy,Sarah Tng,Tricia,Amy Fang Yoke Fun,Jaime Wong Wan Keat,Clarisse Ng,Charmaine Tan
Renee Anne Rethi Santra,Eric Lee,Aaron Chen Deneng,Jaliah,Menoler,Eric Lee,Juliet Lee Li Tang,Alex Ng Shih Chian,Joyce Ong Hwee Binn,Clarisse Ng,Charmaine Tan,Anderson Cheong,Janet Liu Meng Fern
Alvin Tan,Julius Foo,Chng Suan Tze,Elvira Holmberg,Verena Tay
Julie Austin,Robin Wilson,Julie Austin,Haresh Sharma,Alvin Tan,Lim Kay Siu,Lorenzo Mele,Neo Swee Lin,Josephine Peter,Joel Strachan,Frank Higgins,Lim Kay Siu,Chan Man Loon,Lim Seng Tiong,Stuart Brown,Wee Khim,Haresh Sharma,Julius Foo,Kok Heng Leun
Alvin Tan,Haresh Sharma,Abdul Latiff Abdullah,Aidli 'Alin' Mosbit,Rajesh Krishnamuti,Hossan Leong,Freddie Low,Sakinah Dollah,Clarisse Ng,Haresh Sharma,Kok Heng Leun,Freddie Low,Chan Man Loon,Clarisse Ng,Josef Ng
Elvira Holmberg,Haresh Sharma,Abdul Latiff Abdullah,Kristen Chan,CHong Tze Chien,Julius Foo,Natalie Hennedige,Sakinah Dollah,Clarisse Ng,Charmaine Tan,Thio Lay Hoon,Hossan Leong,Ho Soon Yeen,Freedie Low,Julius Foo
Roger Winder,Roger Winder,Erin Donny De Silva,Patricia Anne Devi John,Bryan Tan Kuan Ho
Alvin Tan,Josephine Peter,Haresh Sharma,Jean Ng,Haresh Sharma,Karen Tan,Clarisse Ng,Thio Lay Hoon,Kok Heng Leun,Quek Swee Chong,Leong Mun Hoi,Ruth Shorey,Kok Heng Leun,Julius Foo,Christopher Hodgson,Paul Fitzpatrick
Alvin Tan,Josephine Peter,Haresh Sharma,Jean Ng,Haresh Sharma,Karen Tan,Clarisse Ng,Thio Lay Hoon,Kok Heng Leun,Quek Swee Chong,Leong Mun Hoi,Ruth Shorey,Kok Heng Leun,Julius Foo,Christopher Hodgson,Paul Fitzpatrick
Andrew Koh,Andrew Koh,Hossan Leong,Rajesh Krishnamuti,Geraldine Wee,Karen Loh,Alvin Chan,Julius Foo
Kok Heng Leun,Alvin Tan,Haresh Sharma,Daisy Chia,Patrina Lim,Steven Lim,Freddie Low,Jessie Ng,Andrew Koh,Liu Shu Bin,Alvin Chan
Alvin Tan,Kok Heng Leun,Haresh Sharma,Aidli 'Alin' Mosbit,Julius Fo,Rajesh Krisnamuti,Malti Lalwani,Shawn Lau,Lee Shyh Jih,Hossah Leong,Michael Leong,Steven Lim,Low Kah Wei,Low Kee Hong,Ong Keith Boon,Eileen Ratulangi,Sharifah Shams Aljunied,Tan Pei Hwee,Jacky Toh,Geraldine Wee,Gillian Woon,Clarisse Ng,Julia Lau,Juliet Chia,Seline Kao,Kok Heng Leun,Adrian Lim,Chong Yew Kwan,Thio Lay Hoon,Mohamed Fita Helmi,Hossan Leong,Joshuna Hong,Haresh Sharma,Malti Lalwani,Janet Liu,Freddie Low,Wee Khim,Ivan Seow,Sim Pern Yiau,Chew Keng Kiat,Roger Winder,Kevin Paul,Jethro Jonpaul Jan,Janet Loh,Martha Lee,Yen Chua,Julius Foo,Freddie Low,Sandy Bey
Anna Goh Bee Ling,Melissa Lim Mei Lin,Juraimy Abu Bakar,Sarah Elizabeth Waits,Michelle Lim,Charmaine Tan,Lester Tan,Maria Juahir,Melissa Lim,Liu Shubin,Janet Liu,Chen Hsi,Chong Yew Kwan,Adrian Lim,Eugene Goh 
Meerasha Bin Abdul Kadir,Elvin Ching Tchi Foong,Ashraf Mohamaed,Koh Puay Koon,Jaliah Menoler,Ahgela Ng,Latherina Park,Roslinda Abdul Rahman,Lester Tan,Michelle Lim,Charmaine Tan,Lester Tan,Maria Juahir,Melissa Lim,Liu Shubin,Janet Liu,Chen Hsi,Chong Yew Kwan,Adrian Lim,Eugene Goh 
Kok Heng Leun,Alvin Tan,Haresh Sharma,Rajesh Krishnamuti,Hossan Leong,Geraldine Wee
Alvin Tan,Theresa Tan,Arva,Charles,Darren,Dick,Ellen,Elvin,Hossan,Jeffrey,Jesse,Simran,Kit,Lynn,Yen,Clarisse Ng,Juliet Chia,Edmund Teo,Freddie Low,Julius Foo
Andrew Koh,William Shakespeare
Alvin Tan,Kok Heng Leun,Haresh Sharma,Abdul Latiff Abdullah,Aidli 'Alin' Mosbit,Rajesh Krishnamuti,Hossan Leong,Freddie Low,Djoe Madi,Julius Foo,Low Kah Wei,Norazam Parman,Sakinah Dollah,Haresh Sharma,Freddie Low,Clarisse Ng,Edmund Teo,Josef Ng,Thio Lay Hoon,Clarisse Ng,Haresh Sharma,Janet Liu,Kok Heng Leun,Chan Man Loon,Julius Foo,Lim Seng Tiong,Foo Yong Koon
Alvin Tan,Andrew Koh,Felix Chia,Mary Ann Lau,Margaret LAu-De Silva,Cynthia Lee,Mabel Lee,Lee Yong Ming,Tony Quek,Adeline Tan,Winston Tan,Rosalind Yapp,Alvin Tan,Andrew Koh,Felix Chia,Sebastian Zeng,Clarisse Ng,Freddie Low,Wee Khim
Alvin Tan,Haresh Sharma,Abdul Latiff Abdullah,Wendy Ng,Sakinah Dollah
John Binnie,John Binnie,Aidli 'Alin' Mosbit,Charles Ho,Robin Mitchell,Clarisse Ng,John Binnie,Freddie Low,Josephine Peter,Christopher Ya,Robin Mitchell,Clarisse Ng,Kok Heng Leun
Kok Heng Leun,Julia Lau,Haresh Sharma,Julius Foo,Rajesh Krishnamuti,Hossan Leong,Low Kah Wei,Kok Heng Leun,Goh Su Lin,Freddie Low,Clarisse Ng,Janet Liu,Julia Lau,Dorothy Png,Sze Ban Wah,Freddie Low,Yen Chua,Freddie Low,Chris Yap,Delia Kang,Mun Fong
Alvin Tan,Haresh Sharma,Hossan Leong,Gillian Woon
Alvin Tan,Haresh Sharma
Alvin Tan,Haresh Sharma,Abdul Latiff Abdullah,Gillian Woon,Sakinah Dollah,Goh Su Lin,Kok Heng Leun,Clarisse Ng,Freddie Low,Julius Foo,Hossan Leong
Alvin Tan,Haresh Sharma,Abdul Latiff Abdullah,Wendy Ng,Sakinah Dollah
Alvin Tan,Haresh Sharma,Hossan Leong,Gillian Woon
Kok Heng Leun,Alfian Sa'at,Resham Jhambandas Ganglar,Jasvin,Packir Mohideen,Mullam Md Sarhan,Nisha Nandwani,Amanda Quek Chew Ping,Sharini Shah,Syed Abdul Kadir,Sandy Tan Suat Ping
Julius Foo,Hasina Bee,Jessica Foo,Simren Kaur,Ratnika Luthra,Messiah N Lilani,Mohd Lukman Bin Yusof,Joanne Ong Hui Cheng,Justin Leonard Sabai,Sonya Tracy,Sanjay Wadhwani
Kok Heng Leun,Melissa Lim,Kok Heng Leun,Rajesh Krishnamuti,Jacki Low Kheng Kwee,Geraldine Wee,Wong Yuen San
Andrew Koh,William Shakespeare
Lim Jen Erh,Haresh Sharma,Dawn Lim Chwee Lian,Lim Poey Huang,Lim Poh Poh,Jacky Liu Khiat Khee,Quah Sy Ren
Kok Heng Leun,Haresh Sharma,Dawn Lim Chwee Lian,Lim Poey Huang,Lim Poh Poh,Jacky Liu Khiat Khee
Vayu Naidu,Haresh Sharma
Guy Hollands,Haresh Sharma
Alvin Tan,Haresh Sharma,Aidli 'Alin' Mosbit
Julia Lau,Juliet Chia,Lew Mifon,Manoharan Ramakrishnan
Kok Heng Leun,Kok Heng Leun
Alvin Tan,Haresh Sharma,Abdul Latiff,Alin Mosbit,Daisy Irani,Low Kah Wei,Pamela Wildheart,Rani Moorthy,Tony Quek,Daisy Chia,Loong Seng Onn,Low Kee Hong,Jeffrey Tan,Margaret Teo,Geraldine Wee,Jean Ng,Sebastian Zeng,Hayden Ng,Hossan Leong,Michael Leow,Juliet Chia,Kok Heng Leun,Clarisse Ng,Ashley Lim,Joseph Ng,Clarisse Ng,Juliet Chia,Charmaine Tan,Nigel Pereira,Ko Siew Huey,Liew Yee Ping,Goh Su Lin,Freddie Low,Mona Choo,Wee Khim
Alvin Tan,Haresh Sharma,Hossan Leong,Gillian Woon,Nora Samosir,Shiela Wyatt
Verena Tay,Verena Tay,Daniel Gan,Malti Lalwani,Patrina Lim,Freddie Low,Benjamin Ng,Sarifah Shams Aljunied,Roy Yeo,Verena Tay,Ferlin Jayatissa,Annabel Tan,Lee Cheng Heng,Michael Leow,Ferlin Jayatissa,Joseph Ng,Steven Lim,Winnie Wong,Clarisse Ng
Kok Heng Leun,Verena Tay,Alvin Tan,Julius Foo,Chng Suan Tze,Elvira Holmberg
Lim Jen Erh,???,Lim Jen Erh,Goh Siew Eng,Andrew Kong Wai Jung,Ong Hui Yong,Jason Ser Cher Chiun,Elina Teng Mei Ping,Wong Yuen San,???,???,???,???,???,???,???,???,???,???
Kok Heng Leun,Haresh Sharma,Faridah Bte Ismail,Lim Yuan Yi,Mary Loo Yin Heng,Noor Diana Bte Abdul Sani,Melissa Ann Robert,Jessica Shen,Mr. Sivadas,Wong Siew Jong,Angela Low,Tan Chong Boon
Elvira Holmberg,Haresh Sharma
Daisy Irani-Subaiah,Girish Karnad,Daisy Chia,Daisy Irani,Khoo Sim Eng,Lim Pia Keen,Loong Seng Onn,Meerasha Abdul Kadir,Mariah Mohd Zainal Abidin,Vishakha Mody,Tasnim K Rangwala,V Ravindran,Subin Subaiah,Goh Su Lin,Clarisse Ng,Lee Sia Ang,Radhika Iyer,Athena Bachus,Clarisse Ng,Michael Cheng,K.Dattatry,C.N. Thyagaraju,Ko Siew Huey,Roslinda Abdul Rahman
Julius Foo,Kok Heng Leun,Kok Heng Leun,Julius Foo,Rajesh Krishnamuti,Gene Sharudyn,Annabel Tan,Geraldine Wee
Ann Meijer,William Shakespeare,Julius Foo,Gene Sharudyn,Josephine James,Khairul Lukman,Rajesh Krishnamuti,Lee Weng Choy,Meerasha Abdul Kadir,Mohamad Fahmi Easan,Wendy Ng,Vincent Pang,Annabel Tan,Patricia Teng,Geraldine Wee,Roger Winder,Wong Yuen San,Clarisse Ng,Karen Loh. Josephine James,Eliza Kang. Thio Lay Hoon. Langley Chung. Hossan Leong. Julia Lau. Chan Man Loon. Sebastian Zeng. Bernard Foong. Joseph Ng. Ashley Lim. Goh Su Lin. Winnifred Wong. Jeremy Aloysius. Heman Chong,Edmund Seet,Elvin Ching. Wee Khim
Kok Heng Leun,Ko Siew Huey,Quah Sy Ren,Serene Chen,Goh Siew Eng,Kong Wai Jong,Rajesh Krishnamuti,Lim Ee Chiat,Freddie Low,Sim Pern Yiau,Song Deliang,Quah Sy Ren,Clarisse Ng,Lee Sia Ang,Christine Lim,Lee Cheng Heng,Elisa Kang,Tan Chong Boon,Lee Shyh Jih,John Chua,Kok Heng Leun,Chen Feng Qin,Condec Engineering,Lisa Marie Tan,Bernard Foo Sek Hui,Winnfred Wong,Goh Su Lin,Kong Kum Yoke,Wong Chee Wai,Zhang Shuluan,Sonya Wong Pei Meng
Kok Heng Leun,Haresh Sharma,Julius Foo,Rajesh Krishnamuti,Geraldine Wee
Kok Heng Leun,Haresh Sharma,Julius Foo,Rajesh Krishnamuti,Geraldine Wee
Elvira Holmberg
Daisy Irani,Haresh Sharma,Tim Dore,Daisy Irani,Andrew Lim,Subin Subaiah
Kok Heng Leun,Haresh Sharma,Justin Chin,Chong Tze Chien,Loke Loo Pin,Marjorie Ho,Masagoes Rahmat,Lily Ow,Laurence Pang,Tina Patonah,Tan Chong Boon,Leon Verghese,Clarisse Ng,Faeza Sirajudin,Elavrasie Thirumalai,Adeline Chan,Kuo Jian Hong,Sze Ban Wah,Rajesh Krishnamuti,Elvin Ching,Heman Chong,Winnifred Wong
Alvin Tan,Haresh Sharma,Alin Mosbit,Clarisse Ng,Lee Sia Ang,Thio Lay Hoon,Haresh Sharma,Michael Leow,Art Fazil,Kok Heng Leun,Eve Tan,Condec Interior Construction,Lisa Marie Tan,Winnifred Wong,Heman Chong,Elvin Ching,Winnifred Wong,Jean Ng,Julius Foo
Kok Heng Leun,Kok Heng Leun
Elvira Holmberg,Elvira Holmberg
Kok Heng Leun,Haresh Sharma,Serene Chen,Farahliza Farouk,Caroline Fernandez,Hossan Leong,Ng Leong Sim,Mark Richmond,Kim Kyna Tan,Tang Wan Chin,Yeo Hon Beng,Sim Yen Tze,Pok Fee Fern,Samuel Wee,Sulynn Dawn Currean,Hella Chan,Eve Tan,Purpink Chung,Condec Interior Construction,Lim Jen Erh,Kok Heng Leun,Haresh Sharma,Babes Conde,Michael Leow,Hella Chan,Grace Lam,Kok Hui Moi,Tan Suan Wee,James Cuha,Adele Tan,Kuek Hsiao Feng,Teo Mui Li,Vincent Chong,Fiona Yik,Kok Hui Moi,Ong Chew Siah,Kimberlyn Goi,Karen Chew,Siah Gim Lee
Noel Grieg,Haresh Sharma,Noel Grieg,Julius Foo,Noora Zul,Farah MM Talib,Mohan Sachdev,Loke Loo Pin,Dwight I Pereira,Lee Sia Ang,Fiona Kwok,Gurjeet S.,Clarisse Ng,Lynn Wong,Fiona Yik,Vinita Ramani,Wendy Chong,Chan Man Loon,Eve Tan,Hella Chan,Yo Shao Ann,Nigel Sim,Sulynn Dawn Curreem,Syamsul Ramadhan,Katherina Park,Grace Ng,Fouridine Ang,Hong Weixi,Melvin Wong,Samuel Leong,Daphne Seah,Melisa Wee
Kok Heng Leun,Verena Tay
Gertrude Stein,Thomas Leabhart
Alvin Tan,Haresh Sharma,Alin Mosbit,Keatar HM,Low Kah Wei,Mohd. Fita Helmi b. Tahir,Zelda Tatiana Ng,Noora Zul,Dick Su,Verena Tay,Geraldine Wee,Abdul Rahman Bin Hussein,Emanorwatty Bte M. Saleh,Jean Ng,Haresh Sharma,Clarisse Ng,Sia Ang,Moli Mohd Chomel,Ngiam Su-Lin,Hella Chan,Eve Tan,Suven Chan,Noora Zul,Eve Tan,Fouridine Ang,Vinita Ramani,Yaya,Sha,Izzat,Mohd. Mahfuz,Adele Tan,Patricia Liaw,Syamsul,Rydwan,Melisa Wee,Ahmad Kombat,Hairani,Ngiam Su-Lin,Heman Chong
Phil Thompson,Haresh Sharma
Kok Heng Leun,Haresh Sharma,Farah Talib,Loke Loo Pin,Sim Pern Yiau,Sonya Wong,Chan Man Loon,Yeo Hon Beng,Sulynn Dawn Curreem,Chew Keng Kiat,Lim Daw Shyan,Sherane Ang
Alvin Tan,Haresh Sharma,Alin Mosbit
Ann Meijer,William Shakespeare,Khairul Lukman,Wendy Ng,Vincent Pang,Lee Weng Choy,Rajesh Krishnamuti,Patricia Teng,Wong Yuen San,Geraldine Wee,Julius Foo,Roger Winder,Annabel Tan,Gene Sharudyn,Mohamad Fahmi Easan,Meerasha Bin Abdul Kadir,Josephine James,Clarisse Ng,Karen Loh,Josephine James,Eliza Kang,Thio Lay Hoon,Langley Chung,Hossan Leong,Julia Lau,Chan Man Loon,Sebastian Zeng,Bernard Foong,Joseph Ng,Ashley Lim,Goh Su Lin,Winnifred Wong,Jeremy Aloysius,Heman Chong,Edmund Seet,Elvin Ching,Wee Khim 
Sim Pern Yiau,Verena Tay
Alvin Tan,Kok Heng Leun,Bertolt Brecht,Serene Chen,Julius Foo,Mohamed Fita Helmi,Freddie Low,Low Kah Wei,Ng Leong Sim,Zelda Tatiana Ng,Sim Pern Yiau,Suven Chan,Hella Chan,Kok Heng Leun,Chong Tze Chien,Lee Sia Ang,Eugene Goh,Lim Woan Wen,Dzulkifli Sungit,Remi M. Sali,Yeo Seow Yen,Kok Heng Leun,Lisa Marie Tan,Jennifer Guai,Clarisse Ng,Mandy Tan,Gurjeet Singh,Kuo Jing Hong,Haresh Sharma
Alvin Tan,Haresh Sharma,Loh Kah Wei,Mohd Fita Helmi,Sim Pern Yiau,Clarisse Ng,Sia Ang,Koh Hui Moi,Pok Fee Furn,Yo Shao Ann,Zelda Tatiana Ng
Kok Heng Leun,Haresh Sharma,Serene Chen,Zelda Tatiana Ng,Clarisse Ng,Sia Ang,Teo Mui Li,Yo Shao Ann
Alvin Tan,Julius Foo,Julius Foo,Clarrise Ng,Josephine James,Vincent Cheong,Mandy Tan
Kok Heng Leun,Deng Zhihao
Alvin Tan,Julius Foo,Gene Sharudyn,Jean Ng,Zelda Tatiana Ng,Verena Tay,Julius Foo,Gene Sharudyn,Jean Ng,Zelda Tatiana Ng,Verena Tay
Kok Heng Leun,Ko Siew Huey,Quah Sy Ren,Serene Chen,Rajesh Krishnamuti,Freddie Low,Song Deliang,Lim Ee Chiat,Kong Wai Jong,Sim Pern Yiau,Goh Siew Eng,Clarisse Ng,Lee Sia Ang,Christine Lim,Lee Cheng Heng,Elisa Kang,Tan Chong Boon,Lee Shyh Jih,John Chua,Kok Heng Leun,Cheng Feng Qin,Lisa Marie Tan
Elvira Holmberg,Sim Pern Yiau,Elvira Holmberg,Chong Tze Chien,Caroline Fernandez,Ibrahim Sawifi,Ng Leong Sim,Hella Chan,Mark Homer,Yong Jong Shyan,Jacqueline Khoo,Melisa Wee,Sharon Lin,Vincent Cheong,Alvin Tan,Alice Tham,Paul Tan,Muhammad Zulkiflie,Ong Wei Shiong,Wong Eng Soon,Wong Wan Hui,Audrey Feng,Daphne Ong,Michelle Low,Wong Sze Loon,Sabrina Lee
Ann Meijer,William Shakespeare
Alvin Tan,Haresh Sharma
Kok Heng Leun,Verena Tay
Alvin Tan,Verena Tay,Haresh Sharma,Julius Foo,Mohd Fita Helmi,Zelda Tatiana Ng,Sim Pern Yiau,Verena Tay,Kuo Jing Hong,Verena Tay,Lee Sia Ang,Clarisse Ng,Ong Wei Shiong,Ang Hwee Chuin,Hella Chan,Eve Tan,Yo Shao Ann,Chew Tze Chuan,P. Koki,Audrey Lum,Gene Wong,Alicia Feng,Alfian Sa'at,Pearl Pwee,Patricia Liaw,Rydwan Anwar,Fouridine Ang,Ong Chew Siah,Tan Shun Yin,Yuliani,Luo Renhao,Paul Tan,Sharona,Chan Man Loon,Sharon G M Tan,Leong Shih Yeng
Verena Tay,Verena Tay,Mohd Fita Helmi,Clarisse Ng,Alvin Tan,Haresh Sharma,Goh Su Lin,Emmy Alim,Mandy Tan,Sharon G M Tan,Wee Khim,Adelina Koh,Emmy Alim,April Chua,Parames,Sia Ang,Aloysius Tan,Melisa Wee,Wong Sheau Ying,Paul Tan,Rydwan Anwar,Sabrina Lee,Dennis Tan,Eve Tan,Melvinn Chan,Joanne Chua,Grace Foo,Alicia Feng,Joanna Goh,Amrita Khadilkar,Ivy Lee,Maggie Cai,Chan Chui Ee,Chew Woon Ping,Chong Sheau Lu,Jennifer Chue,Shoba Haridas,Adelin Ho,Chonnie Huang,Gilbert Landras,Lee Siew Mei,Lim Ai Ling,Doris Teo,Cathleen Tung,Zhou Suli,Fouridine Ang,Ang Hwee Chuin,Grace Chan,Felicia Chee,Chong Tze Chien,Alan Lim,Loh Jin How,Pearl Pwee,Delicia Tan,Yeo Shu Yin,Yuliani Bte Abdullah
Mohd Fita Helmi,Alfian Sa'at,Haresh Sharma,Mohd Fita Helmi,Mohd Fita Helmi,Clarisse Ng,Alvin Tan,Haresh Sharma,Goh Su Lin,Emmy Alim,Mandy Tan,Sharon G M Tan,Wee Khim,Adelina Koh,Emmy Alim,April Chua,Parames,Sia Ang,Aloysius Tan,Melisa Wee,Wong Sheau Ying,Paul Tan,Rydwan Anwar,Sabrina Lee,Dennis Tan,Eve Tan,Melvinn Chan,Joanne Chua,Grace Foo,Alicia Feng,Joanna Goh,Amrita Khadilkar,Ivy Lee,Maggie Cai,Chan Chui Ee,Chew Woon Ping,Chong Sheau Lu,Jennifer Chue,Shoba Haridas,Adelin Ho,Chonnie Huang,Gilbert Landras,Lee Siew Mei,Lim Ai Ling,Doris Teo,Cathleen Tung,Zhou Suli,Fouridine Ang,Ang Hwee Chuin,Grace Chan,Felicia Chee,Chong Tze Chien,Alan Lim,Loh Jin How,Pearl Pwee,Delicia Tan,Yeo Shu Yin,Yuliani Bte Abdullah
Zelda Tatiana Ng,Zelda Tatiana Ng,Calvin Loo,Clarisse Ng,Alvin Tan,Haresh Sharma,Goh Su Lin,Emmy Alim,Mandy Tan,Sharon G M Tan,Wee Khim,Adelina Koh,Emmy Alim,April Chua,Parames,Sia Ang,Aloysius Tan,Melisa Wee,Wong Sheau Ying,Paul Tan,Rydwan Anwar,Sabrina Lee,Dennis Tan,Eve Tan,Melvinn Chan,Joanne Chua,Grace Foo,Alicia Feng,Joanna Goh,Amrita Khadilkar,Ivy Lee,Maggie Cai,Chan Chui Ee,Chew Woon Ping,Chong Sheau Lu,Jennifer Chue,Shoba Haridas,Adelin Ho,Chonnie Huang,Gilbert Landras,Lee Siew Mei,Lim Ai Ling,Doris Teo,Cathleen Tung,Zhou Suli,Fouridine Ang,Ang Hwee Chuin,Grace Chan,Felicia Chee,Chong Tze Chien,Alan Lim,Loh Jin How,Pearl Pwee,Delicia Tan,Yeo Shu Yin,Yuliani Bte Abdullah
Sim Pern Yiau,Sim Pern Yiau,Clarisse Ng,Alvin Tan,Haresh Sharma,Goh Su Lin,Emmy Alim,Mandy Tan,Sharon G M Tan,Wee Khim,Adelina Koh,Emmy Alim,April Chua,Parames,Sia Ang,Aloysius Tan,Melisa Wee,Wong Sheau Ying,Paul Tan,Rydwan Anwar,Sabrina Lee,Dennis Tan,Eve Tan,Melvinn Chan,Joanne Chua,Grace Foo,Alicia Feng,Joanna Goh,Amrita Khadilkar,Ivy Lee,Maggie Cai,Chan Chui Ee,Chew Woon Ping,Chong Sheau Lu,Jennifer Chue,Shoba Haridas,Adelin Ho,Chonnie Huang,Gilbert Landras,Lee Siew Mei,Lim Ai Ling,Doris Teo,Cathleen Tung,Zhou Suli,Fouridine Ang,Ang Hwee Chuin,Grace Chan,Felicia Chee,Chong Tze Chien,Alan Lim,Loh Jin How,Pearl Pwee,Delicia Tan,Yeo Shu Yin,Yuliani Bte Abdullah
Sita Ramamurthy,Sita Ramamurthy,Sita Ramamurthy,Clarisse Ng,Karen Loh,Alice Tham,Chong Tze Chien,Rydwan Anwar,Wendy Ng,Sharon Tan,Sherrie Lee,Mandy Tan,Emmy Alim
Alvin Tan,Sim Pern Yiau,Haresh Sharma,Anna Belle Francis,Steven Lim,Mohd Fita Helmi,Ruby Mohd,Loretta Tan,Kevin Verghese,Alvin Tan,Kuo Jing Hong,Lee Sia Ang,Ang Hwee Chuin,Grace Foo,Verena Tay,Dorothy Png,Sim Pern Yiau,Haresh Sharma,Rydwan Anwar,Kenny Low,Joanna Goh,Cathleen Tung,Stephanie Sng,Zhou Suli,Chew Woon Ping,Maggie Cai,Wang Hui Ling,Gwen Sin,Melisa Wee,Ong Wei Shiong,Wee Khim,Sharon Tan,Leong Shih Yeng,Ahmad Zaidee,Emmy Alim
Jean Ng,Jean Ng,Jean Ng
Chong Tze Chien,Chong Tze Chien,Chong Tze Chien,Caroline Fernandez
Jaynthi Siva,Ian Seymour,Jaynthi Siva,Iskander Walen
Sita Ramamurthy,Haresh Sharma
Jeff Chen,Jeff Chen,Mohd Shabirin,Anjeli Narandaran,Rodney Oliveiro,Marianne Wee,Lee Sia Ang,Emmanuel Lee,Josephine James,Celine Tan,Dorothy Png,Stephanie Sng,Patricia Liaw,Chan Lee Lee,Kenny Low,Sim Pern Yiau,Mohd Fita Helmi,Yuliani Abdullah,Adelina Koh,Diana Soh,Tan Lydia,Yeo Shu Yin,Florence Yip
Sita Ramamurthy,Haresh Sharma,Robin Goh,Serene Chen,Gillian Stephens,Karen Lim,Steven Lim,Kevin Verghese,Freddie Aloysius Low,Seow Sher Yen,Casey Leong,Vanessa Fernandez,Alemay Fernandez,Babes Conde,Quay Yi MIng,Diane Soh,Karen Loh,Luanne Poh,Florence Wee,June Chan,Yo Shao Ann,Eve Tan,Sabrina Lee,Michael Chong,Ngiam Shin Shin,Geraldine Soh,Rachel Tam,Melissa Chang,Hayati Samsudin
Jean Ng,Haresh Sharma,Natalie Hennedige,Mohd Fita Helmi,Sim Pern Yiau
Alvin Tan,Haresh Sharma,Paddy Chew,Paddy Chew,Lee Sia Ang,Rydwan Anwar,Mohd Fita Helmi,Chong Tze Chien,Yo Shao Ann,Lam Hoi Lit,Toby Huynh,Felix Chan,YK Foo,Mr James,Alvin Jiang,Kenny Low,Audrey Lum,Chris Ho,Yuliani Abdullah,Hayati Samsudin,Hazlianah Hazlie,Suzielahwati Shamsudin,Saleha Sakani,Grace Foo,Kenny Low,Emmy Alim,Ahmad Zaidee,Russel Wong,Sharon Tan,Aloysius Tan,Geraldine Soh,Sabrina Lee,Melvinn Chan,Caroline Fernandez,Angela Png
Jeffrey Tan,Elvira Holmberg
Natalie Hennedige,Serena Ho,Natalie Hennedige,Claire Jaffray,Leon Tan,Alvin Tan,Haresh Sharma,Goh Su Lin,Lee Sia Ang,Mohd Fita Helmi,Emmy Alim,Ahmad Zaidee,Sabrina Kadir,Jasmine Tuan,Gwen Sin,Wong Yougn Tseng,Tyng Shiuh,Rydwan Anwar,Lee Tuck Leong,Emily Bong,Hazlinah Hazlie,Kenny Low,Yuliani Abdullah,Fouridine Ang,Seow Yiqi,Ngiam Shin-Shin,Iris Tan,Shalini Vasyl,Rachel Tham,Alicia Feng,Grace Low,Benjamin Thong,Davis Chew,Ivy lee,Geraldine Soh,Norain Bte Ahmad,Diane Chang,Yosef Effendy,Tracy Koh Andy Lim,Roy Lee
Josef Ng,Green Zeng,Josef Ng,Green Zeng,Josef Ng,Green Zeng,Alvin Tan,Haresh Sharma,Goh Su Lin,Lee Sia Ang,Mohd Fita Helmi,Emmy Alim,Ahmad Zaidee,Sabrina Kadir,Jasmine Tuan,Gwen Sin,Wong Yougn Tseng,Tyng Shiuh,Rydwan Anwar,Lee Tuck Leong,Emily Bong,Hazlinah Hazlie,Kenny Low,Yuliani Abdullah,Fouridine Ang,Seow Yiqi,Ngiam Shin-Shin,Iris Tan,Shalini Vasyl,Rachel Tham,Alicia Feng,Grace Low,Benjamin Thong,Davis Chew,Ivy lee,Geraldine Soh,Norain Bte Ahmad,Diane Chang,Yosef Effendy,Tracy Koh Andy Lim,Roy Lee
Chong Tze Chien,Caroline Fernandez,Jen Janice Mohamed,Loong Seng Onn,Alvin Tan,Haresh Sharma,Goh Su Lin,Lee Sia Ang,Mohd Fita Helmi,Emmy Alim,Ahmad Zaidee,Sabrina Kadir,Jasmine Tuan,Gwen Sin,Wong Yougn Tseng,Tyng Shiuh,Rydwan Anwar,Lee Tuck Leong,Emily Bong,Hazlinah Hazlie,Kenny Low,Yuliani Abdullah,Fouridine Ang,Seow Yiqi,Ngiam Shin-Shin,Iris Tan,Shalini Vasyl,Rachel Tham,Alicia Feng,Grace Low,Benjamin Thong,Davis Chew,Ivy lee,Geraldine Soh,Norain Bte Ahmad,Diane Chang,Yosef Effendy,Tracy Koh Andy Lim,Roy Lee
Alvin Tan,Haresh Sharma,Alvin Tan,Haresh Sharma,Rydwan Anwar,Adelina Koh,Alvin Tan,Haresh Sharma,Goh Su Lin,Lee Sia Ang,Mohd Fita Helmi,Emmy Alim,Ahmad Zaidee,Sabrina Kadir,Jasmine Tuan,Gwen Sin,Wong Yougn Tseng,Tyng Shiuh,Rydwan Anwar,Lee Tuck Leong,Emily Bong,Hazlinah Hazlie,Kenny Low,Yuliani Abdullah,Fouridine Ang,Seow Yiqi,Ngiam Shin-Shin,Iris Tan,Shalini Vasyl,Rachel Tham,Alicia Feng,Grace Low,Benjamin Thong,Davis Chew,Ivy lee,Geraldine Soh,Norain Bte Ahmad,Diane Chang,Yosef Effendy,Tracy Koh,Andy Lim,Roy Lee
Sim Pern Yiau,Mohd Fita Helmi,Melisa Wee
Sim Pern Yiau,Mohd Fita Helmi,Melisa Wee,Sim Pern Yiau,Melisa Wee,Alvin Tan,Haresh Sharma,Goh Su Lin,Lee Sia Ang,Mohd Fita Helmi,Emmy Alim,Ahmad Zaidee,Sabrina Kadir,Jasmine Tuan,Gwen Sin,Wong Yougn Tseng,Tyng Shiuh,Rydwan Anwar,Lee Tuck Leong,Emily Bong,Hazlinah Hazlie,Kenny Low,Yuliani Abdullah,Fouridine Ang,Seow Yiqi,Ngiam Shin-Shin,Iris Tan,Shalini Vasyl,Rachel Tham,Alicia Feng,Grace Low,Benjamin Thong,Davis Chew,Ivy lee,Geraldine Soh,Norain Bte Ahmad,Diane Chang,Yosef Effendy,Tracy Koh,Andy Lim,Roy Lee
Heman Chong,Heman Chong,Loretta Tan,Jason Tong,Mr Z,Alvin Tan,Haresh Sharma,Goh Su Lin,Lee Sia Ang,Mohd Fita Helmi,Emmy Alim,Ahmad Zaidee,Sabrina Kadir,Jasmine Tuan,Gwen Sin,Wong Yougn Tseng,Tyng Shiuh,Rydwan Anwar,Lee Tuck Leong,Emily Bong,Hazlinah Hazlie,Kenny Low,Yuliani Abdullah,Fouridine Ang,Seow Yiqi,Ngiam Shin-Shin,Iris Tan,Shalini Vasyl,Rachel Tham,Alicia Feng,Grace Low,Benjamin Thong,Davis Chew,Ivy lee,Geraldine Soh,Norain Bte Ahmad,Diane Chang,Yosef Effendy,Tracy Koh,Andy Lim,Roy Lee,Chong Li-Chuan
Zelda Tatiana Ng,Zelda Tatiana Ng,Adelina Ong,Pua En,Tan Tan Mei,Danny Yeo,Alvin Tan,Haresh Sharma,Goh Su Lin,Lee Sia Ang,Mohd Fita Helmi,Emmy Alim,Ahmad Zaidee,Sabrina Kadir,Jasmine Tuan,Gwen Sin,Wong Yougn Tseng,Tyng Shiuh,Rydwan Anwar,Lee Tuck Leong,Emily Bong,Hazlinah Hazlie,Kenny Low,Yuliani Abdullah,Fouridine Ang,Seow Yiqi,Ngiam Shin-Shin,Iris Tan,Shalini Vasyl,Rachel Tham,Alicia Feng,Grace Low,Benjamin Thong,Davis Chew,Ivy lee,Geraldine Soh,Norain Bte Ahmad,Diane Chang,Yosef Effendy,Tracy Koh,Andy Lim,Roy Lee
Gillian Stephens,Rosalind Ng,William M. Lee,Haresh Sharma,Gillian Stephens,Gillian Stephens,William M. Lee,Lee Hwai Bin,Lee Hwai Chee,Genevieve Yip,Alvin Tan,Haresh Sharma,Goh Su Lin,Lee Sia Ang,Mohd Fita Helmi,Emmy Alim,Ahmad Zaidee,Sabrina Kadir,Jasmine Tuan,Gwen Sin,Wong Yougn Tseng,Tyng Shiuh,Rydwan Anwar,Lee Tuck Leong,Emily Bong,Hazlinah Hazlie,Kenny Low,Yuliani Abdullah,Fouridine Ang,Seow Yiqi,Ngiam Shin-Shin,Iris Tan,Shalini Vasyl,Rachel Tham,Alicia Feng,Grace Low,Benjamin Thong,Davis Chew,Ivy lee,Geraldine Soh,Norain Bte Ahmad,Diane Chang,Yosef Effendy,Tracy Koh,Andy Lim,Roy Lee,William M. Lee,Rosalind Ng
Gene Sharudyn,Azmy Hassan,Gene Sharudyn,Azmy Hassan,Gene Sharudyn,Azmy Hassan,Alvin Tan,Haresh Sharma,Goh Su Lin,Lee Sia Ang,Mohd Fita Helmi,Emmy Alim,Ahmad Zaidee,Sabrina Kadir,Jasmine Tuan,Gwen Sin,Wong Yougn Tseng,Tyng Shiuh,Rydwan Anwar,Lee Tuck Leong,Emily Bong,Hazlinah Hazlie,Kenny Low,Yuliani Abdullah,Fouridine Ang,Seow Yiqi,Ngiam Shin-Shin,Iris Tan,Shalini Vasyl,Rachel Tham,Alicia Feng,Grace Low,Benjamin Thong,Davis Chew,Ivy lee,Geraldine Soh,Norain Bte Ahmad,Diane Chang,Yosef Effendy,Tracy Koh,Andy Lim,Roy Lee,Toby Huynh,Azmy Hassan,Gene Sharudyn
Jeff Chen,Haresh Sharma,Darren Chiam,Alvin Tan,Haresh Sharma,Goh Su Lin,Lee Sia Ang,Mohd Fita Helmi,Emmy Alim,Ahmad Zaidee,Sabrina Kadir,Jasmine Tuan,Gwen Sin,Wong Yougn Tseng,Tyng Shiuh,Rydwan Anwar,Lee Tuck Leong,Emily Bong,Hazlinah Hazlie,Kenny Low,Yuliani Abdullah,Fouridine Ang,Seow Yiqi,Ngiam Shin-Shin,Iris Tan,Shalini Vasyl,Rachel Tham,Alicia Feng,Grace Low,Benjamin Thong,Davis Chew,Ivy lee,Geraldine Soh,Norain Bte Ahmad,Diane Chang,Yosef Effendy,Tracy Koh,Andy Lim,Roy Lee,Lulu Ong,Gani Abdul Karim
A.A. Armamy,A.A. Armamy,Chris Ho Zhenhao
Alvin Tan,Haresh Sharma,Goh Su Lin,Lee Sia Ang,Mohd Fita Helmi,Emmy Alim,Ahmad Zaidee,Sabrina Kadir,Jasmine Tuan,Gwen Sin,Wong Yougn Tseng,Tyng Shiuh,Rydwan Anwar,Lee Tuck Leong,Emily Bong,Hazlinah Hazlie,Kenny Low,Yuliani Abdullah,Fouridine Ang,Seow Yiqi,Ngiam Shin-Shin,Iris Tan,Shalini Vasyl,Rachel Tham,Alicia Feng,Grace Low,Benjamin Thong,Davis Chew,Ivy lee,Geraldine Soh,Norain Bte Ahmad,Diane Chang,Yosef Effendy,Tracy Koh,Andy Lim,Roy Lee
Tammy L. Wong,Elaine Chan,Aik Wee,Alvin Tan,Haresh Sharma,Goh Su Lin,Lee Sia Ang,Mohd Fita Helmi,Emmy Alim,Ahmad Zaidee,Sabrina Kadir,Jasmine Tuan,Gwen Sin,Wong Yougn Tseng,Tyng Shiuh,Rydwan Anwar,Lee Tuck Leong,Emily Bong,Hazlinah Hazlie,Kenny Low,Yuliani Abdullah,Fouridine Ang,Seow Yiqi,Ngiam Shin-Shin,Iris Tan,Shalini Vasyl,Rachel Tham,Alicia Feng,Grace Low,Benjamin Thong,Davis Chew,Ivy lee,Geraldine Soh,Norain Bte Ahmad,Diane Chang,Yosef Effendy,Tracy Koh,Andy Lim,Roy Lee
Lam Hoi Lit,Dennis Tan,Lam Hoi Lit,Alvin Tan,Haresh Sharma,Goh Su Lin,Lee Sia Ang,Mohd Fita Helmi,Emmy Alim,Ahmad Zaidee,Sabrina Kadir,Jasmine Tuan,Gwen Sin,Wong Yougn Tseng,Tyng Shiuh,Rydwan Anwar,Lee Tuck Leong,Emily Bong,Hazlinah Hazlie,Kenny Low,Yuliani Abdullah,Fouridine Ang,Seow Yiqi,Ngiam Shin-Shin,Iris Tan,Shalini Vasyl,Rachel Tham,Alicia Feng,Grace Low,Benjamin Thong,Davis Chew,Ivy lee,Geraldine Soh,Norain Bte Ahmad,Diane Chang,Yosef Effendy,Tracy Koh,Andy Lim,Roy Lee
Chin Sze Ling,Felicia Tan,Chin Sze Ling,Felicia Tan,Chin Sze Ling,Felicia Tan
Mohd Fita Helmi,Mohd Fita Helmi,Chong Li- Chuan,Mohd Fita Helmi,A.B Armamy
Jean Ng,Haresh Sharma,Aidil 'Alin' Mosbit,Vincent Chia,Elizabeth de Roza,Caroline Fernandez,Goh Guat Kian,Li Xie,Loong Seng Onn,Low Yuen Wei,Mohd Fita Helmi,Mohd Shabirin Bin Ariffin,Constance Png,Jeff Sim,Cindy Yeong,Valerie Oliveiro,Joanna Goh,Melisa Wee,Michelle Lee,Grace Foo,Kok Heng Leun,Suven Chan,Loong Wei Xian,Annie Yim,Patricia Liaw,Lio Shoo Shan,Iris Tan,Lim Lay Choon,Rydwan Anwar,Chew V. Ming,Natalie Lim,Lai Swee Leng,Teo Hui Liang,Shalini Vasyl,Diane Chang,Hayati Samsudin,Fran Conan,Tay Kah Meng,Suzielahwati Shamsudin,Low Pi Peng,Terence,Front of House: Kenny Low,Gwen Sin,Effendy Yosep,Lin Sh Liang,Tay Meishuang,Tay Jiamei
Jeff Chen,Chong Tze Chien,Alfian Sa'at,Claire Jaffray,Khainu Koh,Mohd Fita Helmi,Farah Ong,Peter Sau,Daniel Tan,Marianne Wee,Lee Sia Ang,Mohd Fita Helmi,Emmy Abdul Alim,Ahmad Zaidee,Sabrina Kadir,Jason Tong,Design Oink,Chan Lee Lee,Rachel Tham,Rydwan Anwar,Dorothy Png,Grace Foo,Shalini Vasyl,Loh Jin How,Vinay Pathak,Christopher Ho,Yosep Effendy,Qiu Dimin,Geraldine Soh,Ngiam Shin-Shin,Hayati Samsudin,Kenny Low,Melvinn Chan,Jeff Sim,Kenny Low,Adelyn Yeo,Sharani Khamis,Joni Cheong,Tracy Koh,Patrick Liew,Elizabeth Tan
Elizabeth de Roza,Chong Tze Chien,Faralizah Farouk,Vincent Ng,Sim Pern Yiau
Haresh Sharma,Haresh Sharma,Mark Richmond,Karl Suriya,David Yee,Rydwan Anwar,Hayati Samsudin,Grace Low
Chong Tze Chien,Chong Tze Chien,Michelle Chong,Caroline Fernandez,Loong Seng Onn,Benjamin Ng,Peter Sau,Marianne Wee,Natalie Lim
Alvin Tan,Haresh Sharma,Getchen Liu,Kenneth Tan,Robin Leong,Kanwaligit Soin,Jennifer Lee,Theresa Foo,Loke Loo Pin,Pang Cheng Lian,Jennifer Castelino,Jennie Chua,Beatrice Chia
